{"flutter":{"platforms":{"android":{"default":{"projectId":"test-project-9c03e","appId":"1:115562076415:android:72a4c1a67893c3f55214ca","fileOutput":"android/app/google-services.json"}},"dart":{"lib/firebase_options.dart":{"projectId":"test-project-9c03e","configurations":{"android":"1:115562076415:android:72a4c1a67893c3f55214ca","ios":"1:115562076415:ios:9fe233cc33761aae5214ca","macos":"1:115562076415:ios:9fe233cc33761aae5214ca","web":"1:115562076415:web:a939725b87750ed35214ca","windows":"1:115562076415:web:64196923f9d4412e5214ca"}}}}}}